{
  "$ref": "#/definitions/Settings",
  "$schema": "http://json-schema.org/draft-07/schema#",
  "definitions": {
    "Action": {
      "additionalProperties": false,
      "description": "Message Action layout",
      "properties": {
        "channelExtensions": {
          "additionalProperties": {},
          "description": "Channel extension data",
          "type": "object"
        },
        "imageUrl": {
          "description": "Optional image to display with the label",
          "type": "string"
        },
        "label": {
          "description": "Display label for the action",
          "type": "string"
        },
        "style": {
          "$ref": "#/definitions/ActionStyle",
          "description": "The rendering style of the button. Allowable values are primary, danger and default."
        },
        "type": {
          "$ref": "#/definitions/ActionType",
          "description": "Type of action"
        },
        "voice": {
          "$ref": "#/definitions/ODAVoice",
          "description": "Content to be used for voice description of the action"
        }
      },
      "required": [
        "type",
        "label"
      ],
      "type": "object"
    },
    "ActionStyle": {
      "enum": [
        "primary",
        "danger",
        "default"
      ],
      "type": "string"
    },
    "ActionType": {
      "description": "Message Action types",
      "enum": [
        "call",
        "location",
        "postback",
        "share",
        "submitForm",
        "url",
        "webview"
      ],
      "type": "string"
    },
    "AtLeastOne<alias-818949494-48-135-818949494-0-196>": {
      "anyOf": [
        {
          "additionalProperties": false,
          "properties": {
            "longText": {
              "type": "string"
            },
            "soundUrl": {
              "type": "string"
            },
            "text": {
              "type": "string"
            }
          },
          "required": [
            "text"
          ],
          "type": "object"
        },
        {
          "additionalProperties": false,
          "properties": {
            "longText": {
              "type": "string"
            },
            "soundUrl": {
              "type": "string"
            },
            "text": {
              "type": "string"
            }
          },
          "required": [
            "soundUrl"
          ],
          "type": "object"
        },
        {
          "additionalProperties": false,
          "properties": {
            "longText": {
              "type": "string"
            },
            "soundUrl": {
              "type": "string"
            },
            "text": {
              "type": "string"
            }
          },
          "required": [
            "longText"
          ],
          "type": "object"
        }
      ],
      "description": "Defines an object type where all fields are optional but at least one field needs to be passed"
    },
    "Attachment": {
      "additionalProperties": false,
      "description": "Attachment detail that is transmitted between user and skill",
      "properties": {
        "title": {
          "description": "Title for the attachment",
          "type": "string"
        },
        "type": {
          "$ref": "#/definitions/AttachmentType",
          "description": "Attachment type"
        },
        "url": {
          "description": "URL to download the attachment",
          "type": "string"
        }
      },
      "required": [
        "type",
        "url"
      ],
      "type": "object"
    },
    "AttachmentPayload": {
      "additionalProperties": false,
      "description": "Represents Attachment message payload",
      "properties": {
        "actions": {
          "description": "List of actions related to the message that users can interact with",
          "items": {
            "$ref": "#/definitions/Action"
          },
          "type": "array"
        },
        "attachment": {
          "$ref": "#/definitions/Attachment",
          "description": "Attachment details"
        },
        "channelExtensions": {
          "additionalProperties": {},
          "description": "Channel extension data",
          "type": "object"
        },
        "footerText": {
          "description": "Optional footer text displayed after the main message",
          "type": "string"
        },
        "globalActions": {
          "description": "List of actions that may have a global context and not entirely related to the message",
          "items": {
            "$ref": "#/definitions/Action"
          },
          "type": "array"
        },
        "headerText": {
          "description": "Optional header text displayed before the main message",
          "type": "string"
        },
        "type": {
          "const": "attachment",
          "description": "Message Payload type",
          "type": "string"
        },
        "voice": {
          "$ref": "#/definitions/ODAVoice",
          "description": "Content to be used for voice description of the message"
        }
      },
      "required": [
        "attachment",
        "type"
      ],
      "type": "object"
    },
    "AttachmentType": {
      "description": "Attachment message payload types",
      "enum": [
        "image",
        "video",
        "audio",
        "file"
      ],
      "type": "string"
    },
    "CloseSessionPayload": {
      "additionalProperties": false,
      "description": "Represents Text message payload",
      "properties": {
        "actions": {
          "description": "List of actions related to the message that users can interact with",
          "items": {
            "$ref": "#/definitions/Action"
          },
          "type": "array"
        },
        "channelExtensions": {
          "additionalProperties": {},
          "description": "Channel extension data",
          "type": "object"
        },
        "footerText": {
          "description": "Optional footer text displayed after the main message",
          "type": "string"
        },
        "globalActions": {
          "description": "List of actions that may have a global context and not entirely related to the message",
          "items": {
            "$ref": "#/definitions/Action"
          },
          "type": "array"
        },
        "headerText": {
          "description": "Optional header text displayed before the main message",
          "type": "string"
        },
        "type": {
          "const": "closeSession",
          "description": "Message Payload type",
          "type": "string"
        },
        "voice": {
          "$ref": "#/definitions/ODAVoice",
          "description": "Content to be used for voice description of the message"
        }
      },
      "required": [
        "type"
      ],
      "type": "object"
    },
    "EventContextProperties": {
      "additionalProperties": {},
      "properties": {
        "datacontenttype": {
          "description": "Content tpye of the data contained in the data attribute",
          "type": "string"
        },
        "dataschema": {
          "description": "Identifies the schema that data adheres to. Incompatible changes to the schema should be reflected by a different URI.",
          "type": "string"
        },
        "id": {
          "description": "The ID of the CloudEvents specification",
          "type": "string"
        },
        "requesttype": {
          "$ref": "#/definitions/EventContextRequestType",
          "description": "The value for this attribute decides how the runtime executes the event handler flows. ODA runtime will default to interrupt if the value is missing."
        },
        "source": {
          "description": "The resource that produced the event",
          "type": "string"
        },
        "specversion": {
          "description": "The version of the CloudEvents specification",
          "type": "string"
        },
        "subject": {
          "description": "Event's subject in the context of the event producer (identified by source) and/or event type",
          "type": "string"
        },
        "time": {
          "description": "The time of the event expressed in RFC 3339 timestamp format",
          "type": "string"
        }
      },
      "type": "object"
    },
    "EventContextRequestType": {
      "enum": [
        "join",
        "interrupt",
        "reset",
        "sync"
      ],
      "type": "string"
    },
    "FormSubmissionPayload": {
      "additionalProperties": false,
      "description": "Represents a Form submission message payload",
      "properties": {
        "actions": {
          "description": "List of actions related to the message that users can interact with",
          "items": {
            "$ref": "#/definitions/Action"
          },
          "type": "array"
        },
        "channelExtensions": {
          "additionalProperties": {},
          "description": "Channel extension data",
          "type": "object"
        },
        "footerText": {
          "description": "Optional footer text displayed after the main message",
          "type": "string"
        },
        "globalActions": {
          "description": "List of actions that may have a global context and not entirely related to the message",
          "items": {
            "$ref": "#/definitions/Action"
          },
          "type": "array"
        },
        "headerText": {
          "description": "Optional header text displayed before the main message",
          "type": "string"
        },
        "partialSubmitField": {
          "description": "The name of the field that trigger a partial form submission. Fields with autoSubmit property set to true can trigger such a form submission.",
          "type": "string"
        },
        "postback": {
          "additionalProperties": {},
          "description": "The postback payload, which might include an action property to trigger navigation.",
          "type": "object"
        },
        "submittedFields": {
          "additionalProperties": {},
          "description": "Key-value pairs of the submitted field values. The key is the name (ID) of the field.",
          "type": "object"
        },
        "type": {
          "const": "formSubmission",
          "description": "Message Payload type",
          "type": "string"
        },
        "voice": {
          "$ref": "#/definitions/ODAVoice",
          "description": "Content to be used for voice description of the message"
        }
      },
      "required": [
        "submittedFields",
        "type"
      ],
      "type": "object"
    },
    "InboundEventPayload": {
      "additionalProperties": false,
      "properties": {
        "actions": {
          "description": "List of actions related to the message that users can interact with",
          "items": {
            "$ref": "#/definitions/Action"
          },
          "type": "array"
        },
        "channelExtensions": {
          "additionalProperties": {},
          "description": "Channel extension data",
          "type": "object"
        },
        "contextProperties": {
          "$ref": "#/definitions/EventContextProperties",
          "description": "Event context properties"
        },
        "eventData": {
          "additionalProperties": {},
          "description": "Business data",
          "type": "object"
        },
        "eventType": {
          "description": "Event type (defined in the event catalog)",
          "type": "string"
        },
        "eventVersion": {
          "description": "Event type version",
          "type": "string"
        },
        "footerText": {
          "description": "Optional footer text displayed after the main message",
          "type": "string"
        },
        "globalActions": {
          "description": "List of actions that may have a global context and not entirely related to the message",
          "items": {
            "$ref": "#/definitions/Action"
          },
          "type": "array"
        },
        "headerText": {
          "description": "Optional header text displayed before the main message",
          "type": "string"
        },
        "type": {
          "const": "inboundEvent",
          "description": "Message Payload type",
          "type": "string"
        },
        "voice": {
          "$ref": "#/definitions/ODAVoice",
          "description": "Content to be used for voice description of the message"
        }
      },
      "required": [
        "eventData",
        "eventType",
        "eventVersion",
        "type"
      ],
      "type": "object"
    },
    "Intl.DateTimeFormatOptions": {
      "additionalProperties": false,
      "properties": {
        "day": {
          "enum": [
            "numeric",
            "2-digit"
          ],
          "type": "string"
        },
        "era": {
          "enum": [
            "long",
            "short",
            "narrow"
          ],
          "type": "string"
        },
        "formatMatcher": {
          "enum": [
            "best fit",
            "basic"
          ],
          "type": "string"
        },
        "hour": {
          "enum": [
            "numeric",
            "2-digit"
          ],
          "type": "string"
        },
        "hour12": {
          "type": "boolean"
        },
        "localeMatcher": {
          "enum": [
            "best fit",
            "lookup"
          ],
          "type": "string"
        },
        "minute": {
          "enum": [
            "numeric",
            "2-digit"
          ],
          "type": "string"
        },
        "month": {
          "enum": [
            "numeric",
            "2-digit",
            "long",
            "short",
            "narrow"
          ],
          "type": "string"
        },
        "second": {
          "enum": [
            "numeric",
            "2-digit"
          ],
          "type": "string"
        },
        "timeZone": {
          "type": "string"
        },
        "timeZoneName": {
          "enum": [
            "short",
            "long",
            "shortOffset",
            "longOffset",
            "shortGeneric",
            "longGeneric"
          ],
          "type": "string"
        },
        "weekday": {
          "enum": [
            "long",
            "short",
            "narrow"
          ],
          "type": "string"
        },
        "year": {
          "enum": [
            "numeric",
            "2-digit"
          ],
          "type": "string"
        }
      },
      "type": "object"
    },
    "Location": {
      "additionalProperties": false,
      "description": "Represents a Location",
      "properties": {
        "latitude": {
          "description": "GRP coordinates latitude value",
          "type": "number"
        },
        "longitude": {
          "description": "GRP coordinates longitude value",
          "type": "number"
        },
        "title": {
          "description": "A title for location",
          "type": "string"
        },
        "url": {
          "description": "A URL displaying a map of the location",
          "type": "string"
        }
      },
      "required": [
        "longitude",
        "latitude"
      ],
      "type": "object"
    },
    "LocationPayload": {
      "additionalProperties": false,
      "description": "Represents Location message payload",
      "properties": {
        "actions": {
          "description": "List of actions related to the message that users can interact with",
          "items": {
            "$ref": "#/definitions/Action"
          },
          "type": "array"
        },
        "channelExtensions": {
          "additionalProperties": {},
          "description": "Channel extension data",
          "type": "object"
        },
        "footerText": {
          "description": "Optional footer text displayed after the main message",
          "type": "string"
        },
        "globalActions": {
          "description": "List of actions that may have a global context and not entirely related to the message",
          "items": {
            "$ref": "#/definitions/Action"
          },
          "type": "array"
        },
        "headerText": {
          "description": "Optional header text displayed before the main message",
          "type": "string"
        },
        "location": {
          "$ref": "#/definitions/Location"
        },
        "type": {
          "const": "location",
          "description": "Message Payload type",
          "type": "string"
        },
        "voice": {
          "$ref": "#/definitions/ODAVoice",
          "description": "Content to be used for voice description of the message"
        }
      },
      "required": [
        "location",
        "type"
      ],
      "type": "object"
    },
    "ODAVoice": {
      "$ref": "#/definitions/AtLeastOne%3Calias-818949494-48-135-818949494-0-196%3E"
    },
    "PostbackPayload": {
      "additionalProperties": false,
      "description": "Represents a Postback message payload",
      "properties": {
        "actions": {
          "description": "List of actions related to the message that users can interact with",
          "items": {
            "$ref": "#/definitions/Action"
          },
          "type": "array"
        },
        "channelExtensions": {
          "additionalProperties": {},
          "description": "Channel extension data",
          "type": "object"
        },
        "footerText": {
          "description": "Optional footer text displayed after the main message",
          "type": "string"
        },
        "globalActions": {
          "description": "List of actions that may have a global context and not entirely related to the message",
          "items": {
            "$ref": "#/definitions/Action"
          },
          "type": "array"
        },
        "headerText": {
          "description": "Optional header text displayed before the main message",
          "type": "string"
        },
        "postback": {
          "anyOf": [
            {
              "type": "string"
            },
            {
              "additionalProperties": {},
              "type": "object"
            }
          ],
          "description": "The postback, can either bt a string or a JSON object"
        },
        "text": {
          "description": "Text associated with the postback",
          "type": "string"
        },
        "type": {
          "const": "postback",
          "description": "Message Payload type",
          "type": "string"
        },
        "voice": {
          "$ref": "#/definitions/ODAVoice",
          "description": "Content to be used for voice description of the message"
        }
      },
      "required": [
        "postback",
        "type"
      ],
      "type": "object"
    },
    "RecognitionLocale": {
      "description": "Locales in which voice recognition can be performed. BCP 47 language tag indicating the language of the voice input expected.",
      "enum": [
        "de-de",
        "en-au",
        "en-gb",
        "en-in",
        "en-us",
        "es-es",
        "fr-fr",
        "hi-in",
        "it-it",
        "pt-br"
      ],
      "type": "string"
    },
    "SDKMetadata": {
      "additionalProperties": {},
      "properties": {
        "speechId": {
          "type": "string"
        },
        "version": {
          "type": "string"
        }
      },
      "type": "object"
    },
    "Settings": {
      "additionalProperties": false,
      "description": "Represents the configuration fields for Web SDK instance",
      "properties": {
        "URI": {
          "description": "[Network Configuration]: URI of the ODA instance",
          "type": "string"
        },
        "actionsLayout": {
          "description": "[Layout Modification]: Actions display layout",
          "enum": [
            "horizontal",
            "vertical"
          ],
          "type": "string"
        },
        "agentAvatar": {
          "description": "[Deprecated]: URL for avatar icon shown alongside messages from a live agent",
          "type": "string"
        },
        "attachmentIcon": {
          "description": "[Deprecated]: Image URL for share popup button icon",
          "type": "string"
        },
        "audioIcon": {
          "description": "[Deprecated]: URL of image shown with audio attachments when the audio can not be rendered",
          "type": "string"
        },
        "audioResponseOffIcon": {
          "description": "[Deprecated]: URL for skill utterance turned off button icon",
          "type": "string"
        },
        "audioResponseOnIcon": {
          "description": "[Deprecated]: URL for skill utterance turned on button icon",
          "type": "string"
        },
        "badgePosition": {
          "additionalProperties": false,
          "description": "[Layout Modification]: Position of notification badge with respect to launch button",
          "properties": {
            "bottom": {
              "type": "string"
            },
            "left": {
              "type": "string"
            },
            "right": {
              "type": "string"
            },
            "top": {
              "type": "string"
            }
          },
          "type": "object"
        },
        "botButtonIcon": {
          "description": "[Deprecated]: URL for widget launch button icon",
          "type": "string"
        },
        "botIcon": {
          "description": "[Deprecated]: URL for avatar icon shown alongside skill messages",
          "type": "string"
        },
        "cardActionsLayout": {
          "description": "[Layout Modification]: Card Actions display layout",
          "enum": [
            "horizontal",
            "vertical"
          ],
          "type": "string"
        },
        "channel": {
          "description": "[Internal]: Configure custom channel to connect to instead of the default web channel",
          "type": "string"
        },
        "channelId": {
          "description": "[Network Configuration]: ODA web channel ID which is mapped to a skill/DA The ID can be retrieved from the channel in ODA designer UI",
          "type": "string"
        },
        "chatBubbleIcon": {
          "description": "[Deprecated]: Image URL for typing indicator",
          "type": "string"
        },
        "chatBubbleIconHeight": {
          "description": "[Deprecated]: Height of typing indicator icon",
          "type": "string"
        },
        "chatBubbleIconWidth": {
          "description": "[Deprecated]: Width of typing indicator icon",
          "type": "string"
        },
        "clearMessageIcon": {
          "description": "[Deprecated]: URL for clear messages button icon",
          "type": "string"
        },
        "clientAuthEnabled": {
          "description": "[Network Configuration]: Enable client authentication mode",
          "type": "boolean"
        },
        "closeIcon": {
          "description": "[Deprecated]: URL for minimize chat widget button icon",
          "type": "string"
        },
        "colors": {
          "additionalProperties": false,
          "description": "[Layout Modification]: Color configuration for chat widget components",
          "properties": {
            "actionsBackground": {
              "type": "string"
            },
            "actionsBackgroundFocus": {
              "type": "string"
            },
            "actionsBackgroundHover": {
              "type": "string"
            },
            "actionsBorder": {
              "type": "string"
            },
            "actionsText": {
              "type": "string"
            },
            "actionsTextFocus": {
              "type": "string"
            },
            "actionsTextHover": {
              "type": "string"
            },
            "agentAvatarBackground": {
              "type": "string"
            },
            "agentInitials": {
              "type": "string"
            },
            "agentName": {
              "type": "string"
            },
            "botMessageBackground": {
              "type": "string"
            },
            "botText": {
              "type": "string"
            },
            "branding": {
              "type": "string"
            },
            "cardBackground": {
              "type": "string"
            },
            "cardNavButton": {
              "type": "string"
            },
            "cardNavButtonFocus": {
              "type": "string"
            },
            "cardNavButtonHover": {
              "type": "string"
            },
            "conversationBackground": {
              "type": "string"
            },
            "errorBorder": {
              "type": "string"
            },
            "errorMessageBackground": {
              "type": "string"
            },
            "errorText": {
              "type": "string"
            },
            "errorTitle": {
              "type": "string"
            },
            "footerBackground": {
              "type": "string"
            },
            "footerButtonBackgroundHover": {
              "type": "string"
            },
            "footerButtonFill": {
              "type": "string"
            },
            "footerButtonFillHover": {
              "type": "string"
            },
            "formActionsBackground": {
              "type": "string"
            },
            "formActionsBackgroundHover": {
              "type": "string"
            },
            "formActionsBorder": {
              "type": "string"
            },
            "formActionsText": {
              "type": "string"
            },
            "formBackground": {
              "type": "string"
            },
            "formError": {
              "type": "string"
            },
            "formErrorText": {
              "type": "string"
            },
            "formHeaderBackground": {
              "type": "string"
            },
            "formHeaderText": {
              "type": "string"
            },
            "formInputBackground": {
              "type": "string"
            },
            "formInputBorder": {
              "type": "string"
            },
            "formInputBorderFocus": {
              "type": "string"
            },
            "formInputText": {
              "type": "string"
            },
            "formLabel": {
              "type": "string"
            },
            "formText": {
              "type": "string"
            },
            "globalActionsBackground": {
              "type": "string"
            },
            "globalActionsBackgroundFocus": {
              "type": "string"
            },
            "globalActionsBackgroundHover": {
              "type": "string"
            },
            "globalActionsBorder": {
              "type": "string"
            },
            "globalActionsText": {
              "type": "string"
            },
            "globalActionsTextFocus": {
              "type": "string"
            },
            "globalActionsTextHover": {
              "type": "string"
            },
            "headerBackground": {
              "type": "string"
            },
            "headerButtonBackgroundHover": {
              "type": "string"
            },
            "headerButtonFill": {
              "type": "string"
            },
            "headerButtonFillHover": {
              "type": "string"
            },
            "headerText": {
              "type": "string"
            },
            "horizontalRuleBackground": {
              "type": "string"
            },
            "inputBackground": {
              "type": "string"
            },
            "inputBorder": {
              "type": "string"
            },
            "inputText": {
              "type": "string"
            },
            "launchIconBackground": {
              "type": "string"
            },
            "links": {
              "type": "string"
            },
            "notificationBadgeBackground": {
              "type": "string"
            },
            "notificationBadgeText": {
              "type": "string"
            },
            "popupBackground": {
              "type": "string"
            },
            "popupButtonBackground": {
              "type": "string"
            },
            "popupButtonText": {
              "type": "string"
            },
            "popupHorizontalRule": {
              "type": "string"
            },
            "popupItemBackgroundHover": {
              "type": "string"
            },
            "popupText": {
              "type": "string"
            },
            "ratingStar": {
              "type": "string"
            },
            "ratingStarFill": {
              "type": "string"
            },
            "recognitionViewBackground": {
              "type": "string"
            },
            "recognitionViewButtonFill": {
              "type": "string"
            },
            "recognitionViewText": {
              "type": "string"
            },
            "shareMenuText": {
              "type": "string"
            },
            "tableActionsBackground": {
              "type": "string"
            },
            "tableActionsBackgroundHover": {
              "type": "string"
            },
            "tableActionsBorder": {
              "type": "string"
            },
            "tableActionsText": {
              "type": "string"
            },
            "tableBackground": {
              "type": "string"
            },
            "tableHeaderBackground": {
              "type": "string"
            },
            "tableHeaderText": {
              "type": "string"
            },
            "tableRowBackgroundHover": {
              "type": "string"
            },
            "tableSeparator": {
              "type": "string"
            },
            "tableText": {
              "type": "string"
            },
            "text": {
              "type": "string"
            },
            "textLight": {
              "type": "string"
            },
            "timestamp": {
              "type": "string"
            },
            "typingIndicator": {
              "type": "string"
            },
            "userLinks": {
              "type": "string"
            },
            "userMessageBackground": {
              "type": "string"
            },
            "userText": {
              "type": "string"
            },
            "visualizer": {
              "type": "string"
            },
            "visualizerContainerBackground": {
              "type": "string"
            }
          },
          "type": "object"
        },
        "conversationBeginPosition": {
          "description": "[Layout Modification]: Starting position of conversation. If set 'top', the first messages appear at top of chat widget. If set 'bottom', the first messages appear at bottom of chat widget.",
          "enum": [
            "top",
            "bottom"
          ],
          "type": "string"
        },
        "customHeaderElementId": {
          "description": "[Functionality Configuration]: Inject custom element in chat widget header by passing it ID attribute",
          "type": "string"
        },
        "defaultGreetingTimeout": {
          "description": "[Functionality Configuration]: Number of seconds after which default greeting message is shown along with the typing cue",
          "type": "number"
        },
        "defaultWaitMessageInterval": {
          "description": "[Functionality Configuration]: Number of seconds after which default wait message is shown along with the typing cue",
          "type": "number"
        },
        "delegate": {
          "additionalProperties": false,
          "description": "[Feature Flags]: Add delegate callbacks that are called when messages are added to the conversation",
          "type": "object"
        },
        "deviceToken": {
          "description": "[Functionality Configuration]: Device token sent to skill during initialization to enable push notifications",
          "type": "string"
        },
        "disablePastActions": {
          "description": "[Functionality Configuration]: Configure disabling action buttons in older messages",
          "enum": [
            "all",
            "none",
            "postback"
          ],
          "type": "string"
        },
        "displayActionsAsPills": {
          "description": "[Functionality Configuration]: Display action buttons as pills",
          "type": "boolean"
        },
        "downloadIcon": {
          "description": "[Deprecated]: Image URL for attachment download icon button",
          "type": "string"
        },
        "embedBottomScrollId": {
          "description": "[Functionality Configuration]: ID of element to be injected as a scrollable content at bottom of chat",
          "type": "string"
        },
        "embedBottomStickyId": {
          "description": "[Functionality Configuration]: ID of element to be injected as a pinned content at bottom of chat",
          "type": "string"
        },
        "embedTopScrollId": {
          "description": "[Functionality Configuration]: ID of element to be injected as a scrollable content at top of chat",
          "type": "string"
        },
        "embedTopStickyId": {
          "description": "[Functionality Configuration]: ID of element to be injected as a pinned content at top of chat",
          "type": "string"
        },
        "embedded": {
          "description": "[Feature Flags]: Embed chat widget within a container element in the host page. Container element is configured with targetElement setting",
          "type": "boolean"
        },
        "embeddedVideo": {
          "description": "[Functionality Configuration]: Embed YouTube video links in messages to be playable within chat widget",
          "type": "boolean"
        },
        "enableAgentSneakPreview": {
          "description": "[Functionality Configuration]: A flag to control agent side sneak preview feature which lets the agent to see what the user is typing",
          "type": "boolean"
        },
        "enableAttachment": {
          "description": "[Feature Flags]: Display share button in chat widget footer",
          "type": "boolean"
        },
        "enableAttachmentSecurity": {
          "description": "[Feature Flags]: Enables sending security headers with attachment upload requests for client auth enable conversations",
          "type": "boolean"
        },
        "enableAutocomplete": {
          "description": "[Feature Flags]: Enable autocomplete suggestions",
          "type": "boolean"
        },
        "enableAutocompleteClientCache": {
          "description": "[Feature Flags]: Enable autocomplete suggestions client caching",
          "type": "boolean"
        },
        "enableBotAudioResponse": {
          "description": "[Feature Flags]: Utter skill's responses as they are received",
          "type": "boolean"
        },
        "enableClearMessage": {
          "description": "[Functionality Configuration]: Display button on chat widget header to remove messages",
          "type": "boolean"
        },
        "enableDefaultClientResponse": {
          "description": "[Feature Flags]: Provide default client response in case of delay in skill response",
          "type": "boolean"
        },
        "enableDraggableButton": {
          "description": "[Functionality Configuration]: A flag to make the ODA Chat button draggable",
          "type": "boolean"
        },
        "enableEndConversation": {
          "description": "[Functionality Configuration]: A flag to enable or disable the end conversation functionality",
          "type": "boolean"
        },
        "enableHeaderActionCollapse": {
          "description": "[Feature Flags]: Collapses the header actions to a menu if the icon count is more than two",
          "type": "boolean"
        },
        "enableHeadless": {
          "description": "[Feature Flags]: Create SDK instance without chat widget UI",
          "type": "boolean"
        },
        "enableLocalConversationHistory": {
          "description": "[Functionality Configuration]: Load previous conversations for given userId if from storage of given browser",
          "type": "boolean"
        },
        "enableLongPolling": {
          "description": "[Feature Flags]: Use http requests to connect to server as fallback if WebSocket fails to connect",
          "type": "boolean"
        },
        "enableSecureConnection": {
          "description": "[Internal]: Configure TLS/SSL protocol for connection - https vs http and wss vs ws Some functionality like voice recognition is not available when it is set false",
          "type": "boolean"
        },
        "enableSendTypingStatus": {
          "description": "[Functionality Configuration]: A flag to control sending of the user typing status",
          "type": "boolean"
        },
        "enableSpeech": {
          "description": "[Feature Flags]: Enable voice recognition service to be able to send voice messages to skill",
          "type": "boolean"
        },
        "enableSpeechAutoSend": {
          "description": "[Feature Flags]: Configure automatically sending voice recognized text message to skill without giving user control to modify or cancel it",
          "type": "boolean"
        },
        "enableTabsSync": {
          "description": "[Feature Flags]: Enables synchronization of messages across tabs for the same userId and channelId combination",
          "type": "boolean"
        },
        "enableTimestamp": {
          "description": "[Feature Flags]: Display delivery timestamps along each message",
          "type": "boolean"
        },
        "errorIcon": {
          "description": "[Deprecated]: URL of image shown alongside error messages",
          "type": "string"
        },
        "expandImageIcon": {
          "description": "[Deprecated]: Image URL for image attachment expand icon button",
          "type": "string"
        },
        "fileIcon": {
          "description": "[Deprecated]: URL of image shown with file attachments",
          "type": "string"
        },
        "focusOnNewMessage": {
          "description": "[Functionality Configuration]: Configures the element that is focused when a new skill message is received. If set 'action', on receiving a new skill message, the SDK sets focus on the first action button of the message if present. If no action button is present, the focus is set to user input field. If set 'input', the focus is always set to user input field when a new skill message is received.",
          "enum": [
            "action",
            "input"
          ],
          "type": "string"
        },
        "font": {
          "description": "[Layout Modification]: Font used for conversation in chat widget",
          "type": "string"
        },
        "fontFamily": {
          "description": "[Layout Modification]: Font family used in the chat widget",
          "type": "string"
        },
        "fontSize": {
          "description": "[Layout Modification]: Font size used in the chat widget",
          "type": "string"
        },
        "formActionsLayout": {
          "description": "[Layout Modification]: Form Actions display layout",
          "enum": [
            "horizontal",
            "vertical"
          ],
          "type": "string"
        },
        "globalActionsLayout": {
          "description": "[Layout Modification]: Global Actions display layout",
          "enum": [
            "horizontal",
            "vertical"
          ],
          "type": "string"
        },
        "height": {
          "description": "[Layout Modification]: Height of the chat widget",
          "type": "string"
        },
        "hotkeys": {
          "additionalProperties": false,
          "description": "[Functionality Configuration]: Configures keyboard shortcuts to access widget UI elements directly without using mouse or touch",
          "properties": {
            "clearHistory": {
              "type": "string"
            },
            "close": {
              "type": "string"
            },
            "collapse": {
              "type": "string"
            },
            "input": {
              "type": "string"
            },
            "keyboard": {
              "type": "string"
            },
            "language": {
              "type": "string"
            },
            "launch": {
              "type": "string"
            },
            "mic": {
              "type": "string"
            },
            "send": {
              "type": "string"
            },
            "shareMenu": {
              "type": "string"
            },
            "shareMenuAudio": {
              "type": "string"
            },
            "shareMenuFile": {
              "type": "string"
            },
            "shareMenuLocation": {
              "type": "string"
            },
            "shareMenuVisual": {
              "type": "string"
            },
            "tts": {
              "type": "string"
            }
          },
          "type": "object"
        },
        "i18n": {
          "additionalProperties": {
            "additionalProperties": false,
            "description": "Acceptable i18n strings",
            "properties": {
              "agent": {
                "type": "string"
              },
              "agentMessage": {
                "type": "string"
              },
              "attachmentAudioFallback": {
                "type": "string"
              },
              "attachmentVideoFallback": {
                "type": "string"
              },
              "attachment_audio": {
                "type": "string"
              },
              "attachment_file": {
                "type": "string"
              },
              "attachment_image": {
                "type": "string"
              },
              "attachment_video": {
                "type": "string"
              },
              "audioResponseOff": {
                "type": "string"
              },
              "audioResponseOn": {
                "type": "string"
              },
              "avatarAgent": {
                "type": "string"
              },
              "avatarBot": {
                "type": "string"
              },
              "avatarUser": {
                "type": "string"
              },
              "card": {
                "type": "string"
              },
              "cardImagePlaceholder": {
                "type": "string"
              },
              "cardNavNext": {
                "type": "string"
              },
              "cardNavPrevious": {
                "type": "string"
              },
              "chatButtonTitle": {
                "type": "string"
              },
              "chatSubtitle": {
                "type": "string"
              },
              "chatTitle": {
                "type": "string"
              },
              "clear": {
                "type": "string"
              },
              "close": {
                "type": "string"
              },
              "closing": {
                "type": "string"
              },
              "connected": {
                "type": "string"
              },
              "connecting": {
                "type": "string"
              },
              "connectionFailureMessage": {
                "type": "string"
              },
              "connectionRetryLabel": {
                "type": "string"
              },
              "defaultGreetingMessage": {
                "type": "string"
              },
              "defaultSorryMessage": {
                "type": "string"
              },
              "defaultWaitMessage": {
                "type": "string"
              },
              "disconnected": {
                "type": "string"
              },
              "download": {
                "type": "string"
              },
              "editFieldErrorMessage": {
                "type": "string"
              },
              "editFormErrorMessage": {
                "type": "string"
              },
              "endConversation": {
                "type": "string"
              },
              "endConversationConfirmMessage": {
                "type": "string"
              },
              "endConversationDescription": {
                "type": "string"
              },
              "errorSpeechInvalidUrl": {
                "type": "string"
              },
              "errorSpeechMultipleConnection": {
                "type": "string"
              },
              "errorSpeechTooMuchTimeout": {
                "type": "string"
              },
              "errorSpeechUnavailable": {
                "type": "string"
              },
              "errorSpeechUnsupportedLocale": {
                "type": "string"
              },
              "imageViewerClose": {
                "type": "string"
              },
              "imageViewerOpen": {
                "type": "string"
              },
              "inputPlaceholder": {
                "type": "string"
              },
              "itemIterator": {
                "type": "string"
              },
              "languageSelectDropdown": {
                "type": "string"
              },
              "language_ar": {
                "type": "string"
              },
              "language_de": {
                "type": "string"
              },
              "language_detect": {
                "type": "string"
              },
              "language_en": {
                "type": "string"
              },
              "language_es": {
                "type": "string"
              },
              "language_fr": {
                "type": "string"
              },
              "language_hi": {
                "type": "string"
              },
              "language_it": {
                "type": "string"
              },
              "language_nl": {
                "type": "string"
              },
              "language_pt": {
                "type": "string"
              },
              "linkField": {
                "type": "string"
              },
              "noResultText": {
                "type": "string"
              },
              "noSpeechTimeout": {
                "type": "string"
              },
              "noText": {
                "type": "string"
              },
              "openMap": {
                "type": "string"
              },
              "previousChats": {
                "type": "string"
              },
              "ratingStar": {
                "type": "string"
              },
              "recognitionTextPlaceholder": {
                "type": "string"
              },
              "relTimeDay": {
                "type": "string"
              },
              "relTimeHr": {
                "type": "string"
              },
              "relTimeMin": {
                "type": "string"
              },
              "relTimeMoment": {
                "type": "string"
              },
              "relTimeMon": {
                "type": "string"
              },
              "relTimeNow": {
                "type": "string"
              },
              "relTimeYr": {
                "type": "string"
              },
              "requestLocation": {
                "type": "string"
              },
              "requestLocationDeniedPermission": {
                "type": "string"
              },
              "requestLocationDeniedTimeout": {
                "type": "string"
              },
              "requestLocationDeniedUnavailable": {
                "type": "string"
              },
              "retryMessage": {
                "type": "string"
              },
              "send": {
                "type": "string"
              },
              "shareAudio": {
                "type": "string"
              },
              "shareFailureMessage": {
                "type": "string"
              },
              "shareFile": {
                "type": "string"
              },
              "shareLocation": {
                "type": "string"
              },
              "shareVisual": {
                "type": "string"
              },
              "showOptions": {
                "type": "string"
              },
              "skillMessage": {
                "type": "string"
              },
              "speak": {
                "type": "string"
              },
              "typingIndicator": {
                "type": "string"
              },
              "upload": {
                "type": "string"
              },
              "uploadFailed": {
                "type": "string"
              },
              "uploadFileSizeLimitExceeded": {
                "type": "string"
              },
              "uploadFileSizeZeroByte": {
                "type": "string"
              },
              "uploadUnsupportedFileType": {
                "type": "string"
              },
              "userMessage": {
                "type": "string"
              },
              "utteranceGeneric": {
                "type": "string"
              },
              "webViewAccessibilityTitle": {
                "type": "string"
              },
              "webViewClose": {
                "type": "string"
              },
              "webViewErrorInfoDismiss": {
                "type": "string"
              },
              "webViewErrorInfoText": {
                "type": "string"
              },
              "yesText": {
                "type": "string"
              }
            },
            "type": "object"
          },
          "description": "[Functionality Configuration]: Translation key-value fields for a specific locale, 'en' is provided as default",
          "type": "object"
        },
        "icons": {
          "additionalProperties": false,
          "description": "[Functionality Configuration]: Icon configuration",
          "properties": {
            "avatarAgent": {
              "type": "string"
            },
            "avatarBot": {
              "type": "string"
            },
            "avatarUser": {
              "type": "string"
            },
            "clearHistory": {
              "type": "string"
            },
            "close": {
              "type": "string"
            },
            "collapse": {
              "type": "string"
            },
            "download": {
              "type": "string"
            },
            "error": {
              "type": "string"
            },
            "expandImage": {
              "type": "string"
            },
            "externalLink": {
              "type": "string"
            },
            "fileAudio": {
              "type": "string"
            },
            "fileGeneric": {
              "type": "string"
            },
            "fileImage": {
              "type": "string"
            },
            "fileVideo": {
              "type": "string"
            },
            "keyboard": {
              "type": "string"
            },
            "language": {
              "type": "string"
            },
            "launch": {
              "type": "string"
            },
            "logo": {
              "type": "string"
            },
            "mic": {
              "type": "string"
            },
            "rating": {
              "type": "string"
            },
            "send": {
              "type": "string"
            },
            "shareMenu": {
              "type": "string"
            },
            "shareMenuAudio": {
              "type": "string"
            },
            "shareMenuFile": {
              "type": "string"
            },
            "shareMenuLocation": {
              "type": "string"
            },
            "shareMenuVisual": {
              "type": "string"
            },
            "ttsOff": {
              "type": "string"
            },
            "ttsOn": {
              "type": "string"
            },
            "typingIndicator": {
              "type": "string"
            }
          },
          "type": "object"
        },
        "imageIcon": {
          "description": "[Deprecated]: URL of image shown with image attachments when the image can not be rendered",
          "type": "string"
        },
        "initBotAudioMuted": {
          "description": "[Feature Flags]: Configure initialization of skill utterance in muted or unmuted state",
          "type": "boolean"
        },
        "initMessageOptions": {
          "additionalProperties": false,
          "description": "[Functionality Configuration]: Initialization message configuration options",
          "properties": {
            "sendAt": {
              "enum": [
                "expand",
                "init"
              ],
              "type": "string"
            }
          },
          "type": "object"
        },
        "initUserHiddenMessage": {
          "anyOf": [
            {
              "type": "string"
            },
            {
              "$ref": "#/definitions/UserMessagePayload"
            },
            {
              "$ref": "#/definitions/UserMessage"
            }
          ],
          "description": "[Functionality Configuration]: User message sent to skill during initialization without being displayed in chat widget"
        },
        "initUserProfile": {
          "$ref": "#/definitions/UserProfileMessage",
          "description": "[Functionality Configuration]: User profile message sent to skill during initialization without being displayed in chat widget"
        },
        "isDebugMode": {
          "description": "[Functionality Configuration]: Show logs for debugging the SDK",
          "type": "boolean"
        },
        "keyboardIcon": {
          "description": "[Deprecated]: Image URL for keyboard input mode activation button icon",
          "type": "string"
        },
        "linkHandler": {
          "additionalProperties": false,
          "description": "[Functionality Configuration]: Configuration object to process click events on links in messages",
          "properties": {
            "onclick": {
              "additionalProperties": false,
              "description": "Anchor onclick",
              "properties": {
                "arguments": {},
                "caller": {
                  "$ref": "#/definitions/interface-2073358172-10057-11521-2073358172-0-217681"
                },
                "length": {
                  "type": "number"
                },
                "prototype": {}
              },
              "required": [
                "prototype",
                "length",
                "arguments",
                "caller"
              ],
              "type": "object"
            },
            "target": {
              "description": "Anchor target",
              "type": "string"
            }
          },
          "type": "object"
        },
        "locale": {
          "description": "[Functionality Configuration]: Locale used in chat widget for displaying text like placeholder, tooltip etc. The value set in locale does not apply to the conversation",
          "type": "string"
        },
        "logoIcon": {
          "description": "[Deprecated]: URL for logo at chat widget header",
          "type": "string"
        },
        "messageCacheSizeLimit": {
          "description": "[Functionality Configuration]: Maximum number of messages that can be saved in browser's localeStorage at a time",
          "type": "number"
        },
        "messagePadding": {
          "description": "[Layout Modification]: Padding around messages in chat widget",
          "type": "string"
        },
        "micIcon": {
          "description": "[Deprecated]: Image URL for voice recognition mode activation button icon",
          "type": "string"
        },
        "multiLangChat": {
          "additionalProperties": false,
          "description": "[Feature Flags]: Language options to configure for multi-language chat feature",
          "properties": {
            "primary": {
              "type": "string"
            },
            "supportedLangs": {
              "items": {
                "additionalProperties": false,
                "properties": {
                  "label": {
                    "type": "string"
                  },
                  "lang": {
                    "type": "string"
                  }
                },
                "required": [
                  "lang"
                ],
                "type": "object"
              },
              "type": "array"
            }
          },
          "required": [
            "supportedLangs"
          ],
          "type": "object"
        },
        "name": {
          "description": "[Functionality Configuration]: Unique identifier for the instance. Used as prefix for the CSS classes applied to the component",
          "type": "string"
        },
        "openChatOnLoad": {
          "description": "[Functionality Configuration]: Expand chat widget on initialization",
          "type": "boolean"
        },
        "openLinksInNewWindow": {
          "description": "[Functionality Configuration]: Force open links in conversations in new window instead of following user's browser preference",
          "type": "boolean"
        },
        "personIcon": {
          "description": "[Deprecated]: URL for avatar icon shown alongside user messages",
          "type": "string"
        },
        "position": {
          "additionalProperties": false,
          "description": "[Layout Modification]: Position of chat widget in host page",
          "properties": {
            "bottom": {
              "type": "string"
            },
            "left": {
              "type": "string"
            },
            "right": {
              "type": "string"
            },
            "top": {
              "type": "string"
            }
          },
          "type": "object"
        },
        "readMark": {
          "description": "[Obsolete]: Symbol to indicate messages that are seen/read",
          "type": "string"
        },
        "reconnectInterval": {
          "description": "[Functionality Configuration]: Time interval in seconds between a reconnection is attempted after a failure to connect to skill",
          "type": "number"
        },
        "reconnectMaxAttempts": {
          "description": "[Functionality Configuration]: Maximum number of times a reconnection is attempted for a failure to connect to skill",
          "type": "number"
        },
        "sdkMetadata": {
          "$ref": "#/definitions/SDKMetadata",
          "description": "[Internal]: SDK Metadata to send with each message"
        },
        "sendIcon": {
          "description": "[Deprecated]: Image URL for send button icon",
          "type": "string"
        },
        "shareMenuItems": {
          "description": "[Feature Flags]: Configures menu items shown in share popup",
          "items": {
            "anyOf": [
              {
                "description": "Share menu options",
                "enum": [
                  "audio",
                  "file",
                  "location",
                  "visual"
                ],
                "type": "string"
              },
              {
                "additionalProperties": false,
                "description": "A custom file share menu item",
                "properties": {
                  "icon": {
                    "description": "Icon source for the share menu, file icon displayed by default",
                    "type": "string"
                  },
                  "label": {
                    "description": "Share menu label, mandatory if translation string not provided in the i18n setting",
                    "type": "string"
                  },
                  "maxSize": {
                    "description": "Maximum file size allowed in kilobytes, default and maximum size is 25MB (25 * 1024 KB)",
                    "type": "number"
                  },
                  "type": {
                    "description": "Type of file format, '*' for all acceptable file types",
                    "type": "string"
                  }
                },
                "required": [
                  "type"
                ],
                "type": "object"
              }
            ]
          },
          "type": "array"
        },
        "showConnectionStatus": {
          "description": "[Functionality Configuration]: Display connection status on chat widget header",
          "type": "boolean"
        },
        "showPrevConvStatus": {
          "description": "[Functionality Configuration]: Display status message at the enf of older messages from previous conversations",
          "type": "boolean"
        },
        "showTypingIndicator": {
          "description": "[Functionality Configuration]: Display indicator while waiting for skill's response",
          "type": "boolean"
        },
        "skillVoices": {
          "deprecated": true,
          "description": "[Feature Flags]: Voice to be used to utter skill responses",
          "items": {
            "$ref": "#/definitions/SpeechSynthesisServiceVoice"
          },
          "type": "array"
        },
        "speechLocale": {
          "$ref": "#/definitions/RecognitionLocale",
          "description": "[Feature Flags]: Locale in which voice message is sent for recognition"
        },
        "storageType": {
          "description": "[Functionality Configuration]: Type of storage used in browser for chat messages",
          "enum": [
            "sessionStorage",
            "localStorage"
          ],
          "type": "string"
        },
        "targetElement": {
          "description": "[Feature Flags]: ID attribute of container element in which chat widget is embedded",
          "type": "string"
        },
        "theme": {
          "description": "[Functionality Configuration]: Chat widget UI theme",
          "enum": [
            "classic",
            "default",
            "redwood-dark"
          ],
          "type": "string"
        },
        "timestampFormat": {
          "anyOf": [
            {
              "type": "string"
            },
            {
              "$ref": "#/definitions/Intl.DateTimeFormatOptions"
            }
          ],
          "description": "[Feature Flags]: Pattern to format message timestamps in default mode"
        },
        "timestampMode": {
          "description": "[Feature Flags]: Type of timestamp to be displayed in conversation",
          "enum": [
            "none",
            "default",
            "relative",
            "absolute"
          ],
          "type": "string"
        },
        "ttsService": {
          "anyOf": [
            {
              "$ref": "#/definitions/SpeechSynthesisService"
            },
            {
              "$ref": "#/definitions/SpeechSynthesisServiceName"
            }
          ],
          "description": "[Feature Flags]: Injects a custom speech synthesis service to be used for utterances"
        },
        "ttsVoice": {
          "description": "[Feature Flags]: Voice to be used to utter skill responses",
          "items": {
            "$ref": "#/definitions/SpeechSynthesisServiceVoice"
          },
          "type": "array"
        },
        "typingDelay": {
          "description": "[Feature Flag]: Adds a typing effect to responses by adding a delay between display of text chunks",
          "type": "number"
        },
        "typingIndicatorTimeout": {
          "description": "[Functionality Configuration]: Number of seconds after which typing indicator is automatically removed if no new response is received from skill",
          "type": "number"
        },
        "typingStatusInterval": {
          "description": "[Functionality Configuration]: Interval in seconds to throttle the typing event and sending of the typing status",
          "type": "number"
        },
        "upgradeToWebSocketInterval": {
          "description": "[Internal]: Time interval in seconds after which an attempt is made to upgrade to WebSocket connection during long polling based connection to skill",
          "type": "number"
        },
        "userId": {
          "description": "[Network Configuration]: Unique identifier for user. SDK generates a random ID if not provided by the client",
          "type": "string"
        },
        "videoIcon": {
          "description": "[Deprecated]: URL of image shown with video attachments when the video can not be rendered",
          "type": "string"
        },
        "webViewConfig": {
          "additionalProperties": false,
          "description": "[Feature Flags]: Object to configure in-widget WebView",
          "properties": {
            "accessibilityTitle": {
              "description": "Title label of WebView iframe for accessibility",
              "type": "string"
            },
            "closeButtonIcon": {
              "description": "Image URL or SVG source string for the close button icon",
              "type": "string"
            },
            "closeButtonLabel": {
              "description": "Label string for the close button",
              "type": "string"
            },
            "closeButtonType": {
              "description": "Close button display type - as only icon, as only label, or with both",
              "enum": [
                "icon",
                "label",
                "iconWithLabel"
              ],
              "type": "string"
            },
            "errorInfoBar": {
              "description": "Flag to display or hide fallback error info snackbar in case the URL fails to load in WebView",
              "type": "boolean"
            },
            "errorInfoDismissLabel": {
              "description": "Label for error info snackbar close button",
              "type": "string"
            },
            "errorInfoText": {
              "description": "Informational text displayed in an error bar inside WebView as a fallback for the user in case the URL fails to load in the WebView",
              "type": "string"
            },
            "referrerPolicy": {
              "description": "String value for WebView iframe's referrerpolicy attribute",
              "enum": [
                "",
                "no-referrer",
                "no-referrer-when-downgrade",
                "origin",
                "origin-when-cross-origin",
                "same-origin",
                "strict-origin",
                "strict-origin-when-cross-origin",
                "unsafe-url"
              ],
              "type": "string"
            },
            "sandbox": {
              "description": "String array for WebView iframe's sandbox attribute",
              "items": {
                "type": "string"
              },
              "type": "array"
            },
            "size": {
              "description": "Relative size of the WebView compared to chat widget",
              "enum": [
                "tall",
                "full"
              ],
              "type": "string"
            },
            "title": {
              "description": "WebView title",
              "type": "string"
            }
          },
          "type": "object"
        },
        "width": {
          "description": "[Layout Modification]: Width of the chat widget",
          "type": "string"
        }
      },
      "required": [
        "URI"
      ],
      "type": "object"
    },
    "SpeechSynthesisService": {
      "additionalProperties": false,
      "description": "Interface for the speech synthesis service; this can be used to define a service that can be injected into the SDK to perform speech synthesis on behalf of the skill or assistant",
      "type": "object"
    },
    "SpeechSynthesisServiceName": {
      "enum": [
        "oracle",
        "platform"
      ],
      "type": "string"
    },
    "SpeechSynthesisServiceVoice": {
      "additionalProperties": false,
      "description": "Represents a voice that the SpeechSynthesisService supports. Every SpeechSynthesisServiceVoice has its own relative speech service including information about language, name and optionally more.",
      "properties": {
        "default": {
          "type": "boolean"
        },
        "lang": {
          "description": "Returns a BCP 47 language tag indicating the language of the voice",
          "type": "string"
        },
        "localService": {
          "type": "boolean"
        },
        "name": {
          "description": "Returns a human-readable name that represents the voice",
          "type": "string"
        },
        "pitch": {
          "description": "Pitch of the voice, can range between 0 and 2, default is 1",
          "type": "number"
        },
        "rate": {
          "description": "Speed at which the utterance is spoken at, can range between 0.1 and 10, default is 1",
          "type": "number"
        },
        "voiceURI": {
          "type": "string"
        },
        "volume": {
          "description": "Volume at which the utterance is spoken at, can range between 0 and 1, default is 1",
          "type": "number"
        }
      },
      "required": [
        "lang",
        "name"
      ],
      "type": "object"
    },
    "StatusPayload": {
      "additionalProperties": false,
      "description": "Represent suggest message payload",
      "properties": {
        "actions": {
          "description": "List of actions related to the message that users can interact with",
          "items": {
            "$ref": "#/definitions/Action"
          },
          "type": "array"
        },
        "channelExtensions": {
          "additionalProperties": {},
          "description": "Channel extension data",
          "type": "object"
        },
        "footerText": {
          "description": "Optional footer text displayed after the main message",
          "type": "string"
        },
        "globalActions": {
          "description": "List of actions that may have a global context and not entirely related to the message",
          "items": {
            "$ref": "#/definitions/Action"
          },
          "type": "array"
        },
        "headerText": {
          "description": "Optional header text displayed before the main message",
          "type": "string"
        },
        "partyType": {
          "enum": [
            "user",
            "system"
          ],
          "type": "string"
        },
        "source": {
          "enum": [
            "osvc",
            "sdk"
          ],
          "type": "string"
        },
        "status": {
          "enum": [
            "RESPONDING",
            "LISTENING"
          ],
          "type": "string"
        },
        "text": {
          "type": "string"
        },
        "type": {
          "const": "status",
          "description": "Message Payload type",
          "type": "string"
        },
        "voice": {
          "$ref": "#/definitions/ODAVoice",
          "description": "Content to be used for voice description of the message"
        }
      },
      "required": [
        "partyType",
        "source",
        "status",
        "type"
      ],
      "type": "object"
    },
    "TextPayload": {
      "additionalProperties": false,
      "description": "Represents Text message payload",
      "properties": {
        "actions": {
          "description": "List of actions related to the message that users can interact with",
          "items": {
            "$ref": "#/definitions/Action"
          },
          "type": "array"
        },
        "channelExtensions": {
          "additionalProperties": false,
          "description": "Channel extension data",
          "properties": {
            "displayType": {
              "const": "stars",
              "type": "string"
            }
          },
          "type": "object"
        },
        "footerText": {
          "description": "Optional footer text displayed after the main message",
          "type": "string"
        },
        "globalActions": {
          "description": "List of actions that may have a global context and not entirely related to the message",
          "items": {
            "$ref": "#/definitions/Action"
          },
          "type": "array"
        },
        "headerText": {
          "description": "Optional header text displayed before the main message",
          "type": "string"
        },
        "text": {
          "description": "Text content of the message",
          "type": "string"
        },
        "type": {
          "const": "text",
          "description": "Message Payload type",
          "type": "string"
        },
        "voice": {
          "$ref": "#/definitions/ODAVoice",
          "description": "Content to be used for voice description of the message"
        }
      },
      "required": [
        "text",
        "type"
      ],
      "type": "object"
    },
    "UserMessage": {
      "additionalProperties": false,
      "description": "A Profile message",
      "properties": {
        "messagePayload": {
          "$ref": "#/definitions/UserMessagePayload"
        },
        "metadata": {
          "additionalProperties": {},
          "type": "object"
        },
        "msgId": {
          "type": "string"
        },
        "profile": {
          "$ref": "#/definitions/UserProfile"
        },
        "sdkMetadata": {
          "$ref": "#/definitions/SDKMetadata"
        },
        "userId": {
          "type": "string"
        }
      },
      "required": [
        "messagePayload"
      ],
      "type": "object"
    },
    "UserMessagePayload": {
      "anyOf": [
        {
          "$ref": "#/definitions/TextPayload"
        },
        {
          "$ref": "#/definitions/LocationPayload"
        },
        {
          "$ref": "#/definitions/AttachmentPayload"
        },
        {
          "$ref": "#/definitions/PostbackPayload"
        },
        {
          "$ref": "#/definitions/CloseSessionPayload"
        },
        {
          "$ref": "#/definitions/StatusPayload"
        },
        {
          "$ref": "#/definitions/FormSubmissionPayload"
        },
        {
          "$ref": "#/definitions/InboundEventPayload"
        }
      ]
    },
    "UserProfile": {
      "additionalProperties": {},
      "properties": {
        "properties": {
          "additionalProperties": {},
          "type": "object"
        }
      },
      "type": "object"
    },
    "UserProfileMessage": {
      "additionalProperties": false,
      "description": "A Profile message",
      "properties": {
        "messagePayload": {
          "$ref": "#/definitions/UserMessagePayload"
        },
        "metadata": {
          "additionalProperties": {},
          "type": "object"
        },
        "msgId": {
          "type": "string"
        },
        "profile": {
          "$ref": "#/definitions/UserProfile"
        },
        "sdkMetadata": {
          "$ref": "#/definitions/SDKMetadata"
        },
        "userId": {
          "type": "string"
        }
      },
      "required": [
        "profile"
      ],
      "type": "object"
    },
    "interface-2073358172-10057-11521-2073358172-0-217681": {
      "additionalProperties": false,
      "properties": {
        "arguments": {},
        "caller": {
          "$ref": "#/definitions/interface-2073358172-10057-11521-2073358172-0-217681"
        },
        "length": {
          "type": "number"
        },
        "prototype": {}
      },
      "required": [
        "prototype",
        "length",
        "arguments",
        "caller"
      ],
      "type": "object"
    }
  }
}